<?xml version="1.0" encoding="UTF-8"?>
<!DOCTYPE suite SYSTEM "http://testng.org/testng-1.0.dtd">
<suite name="Suite">
	<test name="Test">
		<classes>
			<class name="Test.Login_Test" />
			<class name="Test.MultipleTime_Login" />
			<class name="Test.Login_Using_Multiple_ID_Password" />
			<class name="Test.Dropdown_List_Test" />
			<class name="Test.Add_To_Cart" />
			<class name="Test.Checkout_Button_Test" />
			<class name="Test.Checkout_Functionality" />
			<class name="Test.ContinueShopping_Button_test" />
			<class name="Test.Continue_Button_test" />
			<class name="Test.Complete_Checkout_Functionality_" />
			<class name="Test.Menu_Bar_Test" />
			<class name="Test.LogOut_test" />









		</classes>
	</test> <!-- Test -->
</suite> <!-- Suite -->
